-- phpMyAdmin SQL Dump
-- version 3.3.9
-- http://www.phpmyadmin.net
--
-- Host: localhost
-- Generation Time: Jul 13, 2011 at 10:52 AM
-- Server version: 5.1.53
-- PHP Version: 5.3.4

SET SQL_MODE="NO_AUTO_VALUE_ON_ZERO";


/*!40101 SET @OLD_CHARACTER_SET_CLIENT=@@CHARACTER_SET_CLIENT */;
/*!40101 SET @OLD_CHARACTER_SET_RESULTS=@@CHARACTER_SET_RESULTS */;
/*!40101 SET @OLD_COLLATION_CONNECTION=@@COLLATION_CONNECTION */;
/*!40101 SET NAMES utf8 */;

--
-- Database: `icss`
--

-- --------------------------------------------------------

--
-- Table structure for table `tbl_answer`
--

CREATE TABLE IF NOT EXISTS `tbl_answer` (
  `id` int(11) NOT NULL AUTO_INCREMENT,
  `question_id` int(11) NOT NULL,
  `content` varchar(10) COLLATE utf8_unicode_ci DEFAULT NULL,
  `survey_id` int(11) NOT NULL,
  `user_id` int(11) NOT NULL,
  `department_id` int(11) NOT NULL,
  PRIMARY KEY (`id`),
  KEY `FK_answer_user` (`user_id`),
  KEY `FK_answer_survey` (`survey_id`),
  KEY `FK_answer_question` (`question_id`),
  KEY `FK_answer_department` (`department_id`)
) ENGINE=InnoDB  DEFAULT CHARSET=utf8 COLLATE=utf8_unicode_ci AUTO_INCREMENT=9467 ;

--
-- Dumping data for table `tbl_answer`
--

INSERT INTO `tbl_answer` (`id`, `question_id`, `content`, `survey_id`, `user_id`, `department_id`) VALUES
(8270, 1, '3', 1, 4, 1),
(8271, 1, '1', 1, 4, 2),
(8272, 1, '1', 1, 4, 3),
(8273, 1, '1', 1, 4, 4),
(8274, 1, '2', 1, 4, 5),
(8275, 1, '1', 1, 4, 6),
(8276, 1, '1', 1, 4, 7),
(8277, 1, '1', 1, 4, 8),
(8278, 1, '1', 1, 4, 9),
(8279, 1, '1', 1, 4, 10),
(8280, 1, '1', 1, 4, 11),
(8281, 1, '2', 1, 4, 12),
(8282, 1, '1', 1, 4, 13),
(8283, 1, '1', 1, 4, 14),
(8284, 1, '1', 1, 4, 15),
(8285, 1, '1', 1, 4, 16),
(8286, 1, '1', 1, 4, 18),
(8287, 1, '2', 1, 4, 19),
(8288, 1, '1', 1, 4, 20),
(8289, 1, '1', 1, 4, 21),
(8290, 1, '1', 1, 4, 22),
(8291, 2, '1', 1, 4, 1),
(8292, 2, '1', 1, 4, 2),
(8293, 2, '1', 1, 4, 3),
(8294, 2, '1', 1, 4, 4),
(8295, 2, '1', 1, 4, 5),
(8296, 2, '1', 1, 4, 6),
(8297, 2, '1', 1, 4, 7),
(8298, 2, '1', 1, 4, 8),
(8299, 2, '1', 1, 4, 9),
(8300, 2, '2', 1, 4, 10),
(8301, 2, '1', 1, 4, 11),
(8302, 2, '1', 1, 4, 12),
(8303, 2, '1', 1, 4, 13),
(8304, 2, '1', 1, 4, 14),
(8305, 2, '1', 1, 4, 15),
(8306, 2, '2', 1, 4, 16),
(8307, 2, '1', 1, 4, 18),
(8308, 2, '1', 1, 4, 19),
(8309, 2, '1', 1, 4, 20),
(8310, 2, '1', 1, 4, 21),
(8311, 2, '1', 1, 4, 22),
(8312, 3, '2', 1, 4, 1),
(8313, 3, '1', 1, 4, 2),
(8314, 3, '1', 1, 4, 3),
(8315, 3, '1', 1, 4, 4),
(8316, 3, '2', 1, 4, 5),
(8317, 3, '1', 1, 4, 6),
(8318, 3, '1', 1, 4, 7),
(8319, 3, '1', 1, 4, 8),
(8320, 3, '1', 1, 4, 9),
(8321, 3, '2', 1, 4, 10),
(8322, 3, '1', 1, 4, 11),
(8323, 3, '1', 1, 4, 12),
(8324, 3, '1', 1, 4, 13),
(8325, 3, '2', 1, 4, 14),
(8326, 3, '1', 1, 4, 15),
(8327, 3, '1', 1, 4, 16),
(8328, 3, '1', 1, 4, 18),
(8329, 3, '1', 1, 4, 19),
(8330, 3, '1', 1, 4, 20),
(8331, 3, '1', 1, 4, 21),
(8332, 3, '1', 1, 4, 22),
(8333, 4, '1', 1, 4, 1),
(8334, 4, '1', 1, 4, 2),
(8335, 4, '1', 1, 4, 3),
(8336, 4, '2', 1, 4, 4),
(8337, 4, '1', 1, 4, 5),
(8338, 4, '1', 1, 4, 6),
(8339, 4, '1', 1, 4, 7),
(8340, 4, '1', 1, 4, 8),
(8341, 4, '2', 1, 4, 9),
(8342, 4, '1', 1, 4, 10),
(8343, 4, '1', 1, 4, 11),
(8344, 4, '1', 1, 4, 12),
(8345, 4, '1', 1, 4, 13),
(8346, 4, '1', 1, 4, 14),
(8347, 4, '2', 1, 4, 15),
(8348, 4, '1', 1, 4, 16),
(8349, 4, '1', 1, 4, 18),
(8350, 4, '1', 1, 4, 19),
(8351, 4, '1', 1, 4, 20),
(8352, 4, '1', 1, 4, 21),
(8353, 4, '2', 1, 4, 22),
(8354, 5, '1', 1, 4, 1),
(8355, 5, '1', 1, 4, 2),
(8356, 5, '1', 1, 4, 3),
(8357, 5, '1', 1, 4, 4),
(8358, 5, '1', 1, 4, 5),
(8359, 5, '1', 1, 4, 6),
(8360, 5, '1', 1, 4, 7),
(8361, 5, '2', 1, 4, 8),
(8362, 5, '1', 1, 4, 9),
(8363, 5, '1', 1, 4, 10),
(8364, 5, '2', 1, 4, 11),
(8365, 5, '1', 1, 4, 12),
(8366, 5, '1', 1, 4, 13),
(8367, 5, '1', 1, 4, 14),
(8368, 5, '1', 1, 4, 15),
(8369, 5, '2', 1, 4, 16),
(8370, 5, '1', 1, 4, 18),
(8371, 5, '1', 1, 4, 19),
(8372, 5, '1', 1, 4, 20),
(8373, 5, '1', 1, 4, 21),
(8374, 5, '1', 1, 4, 22),
(8375, 6, '1', 1, 4, 1),
(8376, 6, '2', 1, 4, 2),
(8377, 6, '1', 1, 4, 3),
(8378, 6, '1', 1, 4, 4),
(8379, 6, '1', 1, 4, 5),
(8380, 6, '1', 1, 4, 6),
(8381, 6, '2', 1, 4, 7),
(8382, 6, '1', 1, 4, 8),
(8383, 6, '1', 1, 4, 9),
(8384, 6, '1', 1, 4, 10),
(8385, 6, '1', 1, 4, 11),
(8386, 6, '1', 1, 4, 12),
(8387, 6, '1', 1, 4, 13),
(8388, 6, '2', 1, 4, 14),
(8389, 6, '1', 1, 4, 15),
(8390, 6, '1', 1, 4, 16),
(8391, 6, '1', 1, 4, 18),
(8392, 6, '1', 1, 4, 19),
(8393, 6, '2', 1, 4, 20),
(8394, 6, '1', 1, 4, 21),
(8395, 6, '1', 1, 4, 22),
(8396, 7, '1', 1, 4, 1),
(8397, 7, '2', 1, 4, 2),
(8398, 7, '1', 1, 4, 3),
(8399, 7, '1', 1, 4, 4),
(8400, 7, '1', 1, 4, 5),
(8401, 7, '1', 1, 4, 6),
(8402, 7, '2', 1, 4, 7),
(8403, 7, '1', 1, 4, 8),
(8404, 7, '1', 1, 4, 9),
(8405, 7, '1', 1, 4, 10),
(8406, 7, '1', 1, 4, 11),
(8407, 7, '2', 1, 4, 12),
(8408, 7, '1', 1, 4, 13),
(8409, 7, '1', 1, 4, 14),
(8410, 7, '1', 1, 4, 15),
(8411, 7, '1', 1, 4, 16),
(8412, 7, '1', 1, 4, 18),
(8413, 7, '2', 1, 4, 19),
(8414, 7, '1', 1, 4, 20),
(8415, 7, '1', 1, 4, 21),
(8416, 7, '1', 1, 4, 22),
(8417, 8, '1', 1, 4, 1),
(8418, 8, '1', 1, 4, 2),
(8419, 8, '2', 1, 4, 3),
(8420, 8, '1', 1, 4, 4),
(8421, 8, '1', 1, 4, 5),
(8422, 8, '1', 1, 4, 6),
(8423, 8, '1', 1, 4, 7),
(8424, 8, '1', 1, 4, 8),
(8425, 8, '1', 1, 4, 9),
(8426, 8, '1', 1, 4, 10),
(8427, 8, '1', 1, 4, 11),
(8428, 8, '2', 1, 4, 12),
(8429, 8, '1', 1, 4, 13),
(8430, 8, '1', 1, 4, 14),
(8431, 8, '1', 1, 4, 15),
(8432, 8, '1', 1, 4, 16),
(8433, 8, '1', 1, 4, 18),
(8434, 8, '1', 1, 4, 19),
(8435, 8, '2', 1, 4, 20),
(8436, 8, '3', 1, 4, 21),
(8437, 8, '1', 1, 4, 22),
(8438, 9, '1', 1, 4, 1),
(8439, 9, '1', 1, 4, 2),
(8440, 9, '1', 1, 4, 3),
(8441, 9, '1', 1, 4, 4),
(8442, 9, '1', 1, 4, 5),
(8443, 9, '2', 1, 4, 6),
(8444, 9, '1', 1, 4, 7),
(8445, 9, '1', 1, 4, 8),
(8446, 9, '1', 1, 4, 9),
(8447, 9, '1', 1, 4, 10),
(8448, 9, '1', 1, 4, 11),
(8449, 9, '2', 1, 4, 12),
(8450, 9, '1', 1, 4, 13),
(8451, 9, '1', 1, 4, 14),
(8452, 9, '1', 1, 4, 15),
(8453, 9, '1', 1, 4, 16),
(8454, 9, '1', 1, 4, 18),
(8455, 9, '1', 1, 4, 19),
(8456, 9, '2', 1, 4, 20),
(8457, 9, '1', 1, 4, 21),
(8458, 9, '1', 1, 4, 22),
(8459, 10, '1', 1, 4, 1),
(8460, 10, '1', 1, 4, 2),
(8461, 10, '1', 1, 4, 3),
(8462, 10, '2', 1, 4, 4),
(8463, 10, '1', 1, 4, 5),
(8464, 10, '1', 1, 4, 6),
(8465, 10, '1', 1, 4, 7),
(8466, 10, '1', 1, 4, 8),
(8467, 10, '1', 1, 4, 9),
(8468, 10, '1', 1, 4, 10),
(8469, 10, '1', 1, 4, 11),
(8470, 10, '2', 1, 4, 12),
(8471, 10, '1', 1, 4, 13),
(8472, 10, '1', 1, 4, 14),
(8473, 10, '1', 1, 4, 15),
(8474, 10, '1', 1, 4, 16),
(8475, 10, '1', 1, 4, 18),
(8476, 10, '2', 1, 4, 19),
(8477, 10, '1', 1, 4, 20),
(8478, 10, '1', 1, 4, 21),
(8479, 10, '1', 1, 4, 22),
(8480, 11, '1', 1, 4, 1),
(8481, 11, '1', 1, 4, 2),
(8482, 11, '1', 1, 4, 3),
(8483, 11, '2', 1, 4, 4),
(8484, 11, '1', 1, 4, 5),
(8485, 11, '1', 1, 4, 6),
(8486, 11, '1', 1, 4, 7),
(8487, 11, '2', 1, 4, 8),
(8488, 11, '1', 1, 4, 9),
(8489, 11, '1', 1, 4, 10),
(8490, 11, '1', 1, 4, 11),
(8491, 11, '2', 1, 4, 12),
(8492, 11, '1', 1, 4, 13),
(8493, 11, '1', 1, 4, 14),
(8494, 11, '1', 1, 4, 15),
(8495, 11, '1', 1, 4, 16),
(8496, 11, '1', 1, 4, 18),
(8497, 11, '2', 1, 4, 19),
(8498, 11, '1', 1, 4, 20),
(8499, 11, '1', 1, 4, 21),
(8500, 11, '1', 1, 4, 22),
(8501, 12, '1', 1, 4, 1),
(8502, 12, '1', 1, 4, 2),
(8503, 12, '1', 1, 4, 3),
(8504, 12, '1', 1, 4, 4),
(8505, 12, '1', 1, 4, 5),
(8506, 12, '1', 1, 4, 6),
(8507, 12, '1', 1, 4, 7),
(8508, 12, '2', 1, 4, 8),
(8509, 12, '1', 1, 4, 9),
(8510, 12, '1', 1, 4, 10),
(8511, 12, '1', 1, 4, 11),
(8512, 12, '1', 1, 4, 12),
(8513, 12, '1', 1, 4, 13),
(8514, 12, '2', 1, 4, 14),
(8515, 12, '1', 1, 4, 15),
(8516, 12, '1', 1, 4, 16),
(8517, 12, '1', 1, 4, 18),
(8518, 12, '1', 1, 4, 19),
(8519, 12, '1', 1, 4, 20),
(8520, 12, '1', 1, 4, 21),
(8521, 12, '2', 1, 4, 22),
(8522, 13, '1', 1, 4, 1),
(8523, 13, '1', 1, 4, 2),
(8524, 13, '1', 1, 4, 3),
(8525, 13, '1', 1, 4, 4),
(8526, 13, '1', 1, 4, 5),
(8527, 13, '1', 1, 4, 6),
(8528, 13, '2', 1, 4, 7),
(8529, 13, '1', 1, 4, 8),
(8530, 13, '1', 1, 4, 9),
(8531, 13, '1', 1, 4, 10),
(8532, 13, '1', 1, 4, 11),
(8533, 13, '1', 1, 4, 12),
(8534, 13, '1', 1, 4, 13),
(8535, 13, '1', 1, 4, 14),
(8536, 13, '1', 1, 4, 15),
(8537, 13, '1', 1, 4, 16),
(8538, 13, '2', 1, 4, 18),
(8539, 13, '1', 1, 4, 19),
(8540, 13, '1', 1, 4, 20),
(8541, 13, '1', 1, 4, 21),
(8542, 13, '1', 1, 4, 22),
(8543, 14, '1', 1, 4, 1),
(8544, 14, '1', 1, 4, 2),
(8545, 14, '2', 1, 4, 3),
(8546, 14, '1', 1, 4, 4),
(8547, 14, '1', 1, 4, 5),
(8548, 14, '1', 1, 4, 6),
(8549, 14, '1', 1, 4, 7),
(8550, 14, '1', 1, 4, 8),
(8551, 14, '1', 1, 4, 9),
(8552, 14, '1', 1, 4, 10),
(8553, 14, '1', 1, 4, 11),
(8554, 14, '1', 1, 4, 12),
(8555, 14, '2', 1, 4, 13),
(8556, 14, '1', 1, 4, 14),
(8557, 14, '1', 1, 4, 15),
(8558, 14, '1', 1, 4, 16),
(8559, 14, '1', 1, 4, 18),
(8560, 14, '2', 1, 4, 19),
(8561, 14, '1', 1, 4, 20),
(8562, 14, '1', 1, 4, 21),
(8563, 14, '1', 1, 4, 22),
(8564, 15, '1', 1, 4, 1),
(8565, 15, '1', 1, 4, 2),
(8566, 15, '1', 1, 4, 3),
(8567, 15, '1', 1, 4, 4),
(8568, 15, '2', 1, 4, 5),
(8569, 15, '1', 1, 4, 6),
(8570, 15, '1', 1, 4, 7),
(8571, 15, '1', 1, 4, 8),
(8572, 15, '1', 1, 4, 9),
(8573, 15, '2', 1, 4, 10),
(8574, 15, '1', 1, 4, 11),
(8575, 15, '1', 1, 4, 12),
(8576, 15, '1', 1, 4, 13),
(8577, 15, '1', 1, 4, 14),
(8578, 15, '1', 1, 4, 15),
(8579, 15, '2', 1, 4, 16),
(8580, 15, '1', 1, 4, 18),
(8581, 15, '1', 1, 4, 19),
(8582, 15, '1', 1, 4, 20),
(8583, 15, '1', 1, 4, 21),
(8584, 15, '1', 1, 4, 22),
(8585, 16, '1', 1, 4, 1),
(8586, 16, '2', 1, 4, 2),
(8587, 16, '1', 1, 4, 3),
(8588, 16, '1', 1, 4, 4),
(8589, 16, '1', 1, 4, 5),
(8590, 16, '1', 1, 4, 6),
(8591, 16, '1', 1, 4, 7),
(8592, 16, '2', 1, 4, 8),
(8593, 16, '1', 1, 4, 9),
(8594, 16, '1', 1, 4, 10),
(8595, 16, '1', 1, 4, 11),
(8596, 16, '1', 1, 4, 12),
(8597, 16, '1', 1, 4, 13),
(8598, 16, '1', 1, 4, 14),
(8599, 16, '1', 1, 4, 15),
(8600, 16, '2', 1, 4, 16),
(8601, 16, '1', 1, 4, 18),
(8602, 16, '1', 1, 4, 19),
(8603, 16, '1', 1, 4, 20),
(8604, 16, '1', 1, 4, 21),
(8605, 16, '1', 1, 4, 22),
(8606, 17, '1', 1, 4, 1),
(8607, 17, '1', 1, 4, 2),
(8608, 17, '1', 1, 4, 3),
(8609, 17, '1', 1, 4, 4),
(8610, 17, '2', 1, 4, 5),
(8611, 17, '1', 1, 4, 6),
(8612, 17, '1', 1, 4, 7),
(8613, 17, '1', 1, 4, 8),
(8614, 17, '1', 1, 4, 9),
(8615, 17, '2', 1, 4, 10),
(8616, 17, '1', 1, 4, 11),
(8617, 17, '1', 1, 4, 12),
(8618, 17, '1', 1, 4, 13),
(8619, 17, '1', 1, 4, 14),
(8620, 17, '1', 1, 4, 15),
(8621, 17, '1', 1, 4, 16),
(8622, 17, '2', 1, 4, 18),
(8623, 17, '1', 1, 4, 19),
(8624, 17, '1', 1, 4, 20),
(8625, 17, '1', 1, 4, 21),
(8626, 17, '1', 1, 4, 22),
(8627, 1, '2', 3, 4, 1),
(8628, 1, '4', 3, 4, 2),
(8629, 1, '1', 3, 4, 3),
(8630, 1, '1', 3, 4, 4),
(8631, 1, '1', 3, 4, 5),
(8632, 1, '1', 3, 4, 6),
(8633, 1, '1', 3, 4, 7),
(8634, 1, '2', 3, 4, 8),
(8635, 1, '1', 3, 4, 9),
(8636, 1, '1', 3, 4, 10),
(8637, 1, '1', 3, 4, 11),
(8638, 1, '1', 3, 4, 12),
(8639, 1, '1', 3, 4, 13),
(8640, 1, '1', 3, 4, 14),
(8641, 1, '2', 3, 4, 15),
(8642, 1, '1', 3, 4, 16),
(8643, 1, '1', 3, 4, 18),
(8644, 1, '1', 3, 4, 19),
(8645, 1, '2', 3, 4, 20),
(8646, 1, '1', 3, 4, 21),
(8647, 1, '1', 3, 4, 22),
(8648, 2, '1', 3, 4, 1),
(8649, 2, '1', 3, 4, 2),
(8650, 2, '1', 3, 4, 3),
(8651, 2, '1', 3, 4, 4),
(8652, 2, '2', 3, 4, 5),
(8653, 2, '1', 3, 4, 6),
(8654, 2, '1', 3, 4, 7),
(8655, 2, '1', 3, 4, 8),
(8656, 2, '2', 3, 4, 9),
(8657, 2, '1', 3, 4, 10),
(8658, 2, '1', 3, 4, 11),
(8659, 2, '1', 3, 4, 12),
(8660, 2, '1', 3, 4, 13),
(8661, 2, '1', 3, 4, 14),
(8662, 2, '2', 3, 4, 15),
(8663, 2, '1', 3, 4, 16),
(8664, 2, '1', 3, 4, 18),
(8665, 2, '1', 3, 4, 19),
(8666, 2, '1', 3, 4, 20),
(8667, 2, '1', 3, 4, 21),
(8668, 2, '2', 3, 4, 22),
(8669, 3, '1', 3, 4, 1),
(8670, 3, '1', 3, 4, 2),
(8671, 3, '1', 3, 4, 3),
(8672, 3, '1', 3, 4, 4),
(8673, 3, '2', 3, 4, 5),
(8674, 3, '1', 3, 4, 6),
(8675, 3, '1', 3, 4, 7),
(8676, 3, '1', 3, 4, 8),
(8677, 3, '1', 3, 4, 9),
(8678, 3, '1', 3, 4, 10),
(8679, 3, '2', 3, 4, 11),
(8680, 3, '1', 3, 4, 12),
(8681, 3, '1', 3, 4, 13),
(8682, 3, '1', 3, 4, 14),
(8683, 3, '1', 3, 4, 15),
(8684, 3, '2', 3, 4, 16),
(8685, 3, '1', 3, 4, 18),
(8686, 3, '1', 3, 4, 19),
(8687, 3, '1', 3, 4, 20),
(8688, 3, '1', 3, 4, 21),
(8689, 3, '1', 3, 4, 22),
(8690, 4, '1', 3, 4, 1),
(8691, 4, '2', 3, 4, 2),
(8692, 4, '1', 3, 4, 3),
(8693, 4, '1', 3, 4, 4),
(8694, 4, '1', 3, 4, 5),
(8695, 4, '2', 3, 4, 6),
(8696, 4, '1', 3, 4, 7),
(8697, 4, '1', 3, 4, 8),
(8698, 4, '1', 3, 4, 9),
(8699, 4, '1', 3, 4, 10),
(8700, 4, '2', 3, 4, 11),
(8701, 4, '1', 3, 4, 12),
(8702, 4, '1', 3, 4, 13),
(8703, 4, '1', 3, 4, 14),
(8704, 4, '1', 3, 4, 15),
(8705, 4, '1', 3, 4, 16),
(8706, 4, '2', 3, 4, 18),
(8707, 4, '1', 3, 4, 19),
(8708, 4, '1', 3, 4, 20),
(8709, 4, '1', 3, 4, 21),
(8710, 4, '3', 3, 4, 22),
(8711, 5, '1', 3, 4, 1),
(8712, 5, '1', 3, 4, 2),
(8713, 5, '2', 3, 4, 3),
(8714, 5, '1', 3, 4, 4),
(8715, 5, '1', 3, 4, 5),
(8716, 5, '1', 3, 4, 6),
(8717, 5, '2', 3, 4, 7),
(8718, 5, '1', 3, 4, 8),
(8719, 5, '1', 3, 4, 9),
(8720, 5, '1', 3, 4, 10),
(8721, 5, '1', 3, 4, 11),
(8722, 5, '2', 3, 4, 12),
(8723, 5, '1', 3, 4, 13),
(8724, 5, '1', 3, 4, 14),
(8725, 5, '1', 3, 4, 15),
(8726, 5, '1', 3, 4, 16),
(8727, 5, '2', 3, 4, 18),
(8728, 5, '1', 3, 4, 19),
(8729, 5, '1', 3, 4, 20),
(8730, 5, '1', 3, 4, 21),
(8731, 5, '1', 3, 4, 22),
(8732, 6, '1', 3, 4, 1),
(8733, 6, '1', 3, 4, 2),
(8734, 6, '1', 3, 4, 3),
(8735, 6, '2', 3, 4, 4),
(8736, 6, '1', 3, 4, 5),
(8737, 6, '1', 3, 4, 6),
(8738, 6, '1', 3, 4, 7),
(8739, 6, '1', 3, 4, 8),
(8740, 6, '2', 3, 4, 9),
(8741, 6, '1', 3, 4, 10),
(8742, 6, '1', 3, 4, 11),
(8743, 6, '1', 3, 4, 12),
(8744, 6, '2', 3, 4, 13),
(8745, 6, '1', 3, 4, 14),
(8746, 6, '1', 3, 4, 15),
(8747, 6, '1', 3, 4, 16),
(8748, 6, '1', 3, 4, 18),
(8749, 6, '1', 3, 4, 19),
(8750, 6, '1', 3, 4, 20),
(8751, 6, '2', 3, 4, 21),
(8752, 6, '1', 3, 4, 22),
(8753, 7, '2', 3, 4, 1),
(8754, 7, '1', 3, 4, 2),
(8755, 7, '2', 3, 4, 3),
(8756, 7, '1', 3, 4, 4),
(8757, 7, '1', 3, 4, 5),
(8758, 7, '1', 3, 4, 6),
(8759, 7, '2', 3, 4, 7),
(8760, 7, '1', 3, 4, 8),
(8761, 7, '1', 3, 4, 9),
(8762, 7, '1', 3, 4, 10),
(8763, 7, '1', 3, 4, 11),
(8764, 7, '2', 3, 4, 12),
(8765, 7, '1', 3, 4, 13),
(8766, 7, '1', 3, 4, 14),
(8767, 7, '1', 3, 4, 15),
(8768, 7, '1', 3, 4, 16),
(8769, 7, '1', 3, 4, 18),
(8770, 7, '2', 3, 4, 19),
(8771, 7, '1', 3, 4, 20),
(8772, 7, '1', 3, 4, 21),
(8773, 7, '1', 3, 4, 22),
(8774, 8, '1', 3, 4, 1),
(8775, 8, '1', 3, 4, 2),
(8776, 8, '2', 3, 4, 3),
(8777, 8, '1', 3, 4, 4),
(8778, 8, '1', 3, 4, 5),
(8779, 8, '1', 3, 4, 6),
(8780, 8, '1', 3, 4, 7),
(8781, 8, '1', 3, 4, 8),
(8782, 8, '2', 3, 4, 9),
(8783, 8, '1', 3, 4, 10),
(8784, 8, '1', 3, 4, 11),
(8785, 8, '1', 3, 4, 12),
(8786, 8, '1', 3, 4, 13),
(8787, 8, '2', 3, 4, 14),
(8788, 8, '1', 3, 4, 15),
(8789, 8, '1', 3, 4, 16),
(8790, 8, '1', 3, 4, 18),
(8791, 8, '2', 3, 4, 19),
(8792, 8, '1', 3, 4, 20),
(8793, 8, '1', 3, 4, 21),
(8794, 8, '1', 3, 4, 22),
(8795, 9, '1', 3, 4, 1),
(8796, 9, '2', 3, 4, 2),
(8797, 9, '1', 3, 4, 3),
(8798, 9, '1', 3, 4, 4),
(8799, 9, '1', 3, 4, 5),
(8800, 9, '1', 3, 4, 6),
(8801, 9, '1', 3, 4, 7),
(8802, 9, '2', 3, 4, 8),
(8803, 9, '1', 3, 4, 9),
(8804, 9, '1', 3, 4, 10),
(8805, 9, '1', 3, 4, 11),
(8806, 9, '2', 3, 4, 12),
(8807, 9, '1', 3, 4, 13),
(8808, 9, '1', 3, 4, 14),
(8809, 9, '1', 3, 4, 15),
(8810, 9, '1', 3, 4, 16),
(8811, 9, '1', 3, 4, 18),
(8812, 9, '1', 3, 4, 19),
(8813, 9, '1', 3, 4, 20),
(8814, 9, '2', 3, 4, 21),
(8815, 9, '1', 3, 4, 22),
(8816, 10, '1', 3, 4, 1),
(8817, 10, '1', 3, 4, 2),
(8818, 10, '1', 3, 4, 3),
(8819, 10, '1', 3, 4, 4),
(8820, 10, '2', 3, 4, 5),
(8821, 10, '1', 3, 4, 6),
(8822, 10, '1', 3, 4, 7),
(8823, 10, '1', 3, 4, 8),
(8824, 10, '1', 3, 4, 9),
(8825, 10, '1', 3, 4, 10),
(8826, 10, '2', 3, 4, 11),
(8827, 10, '1', 3, 4, 12),
(8828, 10, '1', 3, 4, 13),
(8829, 10, '1', 3, 4, 14),
(8830, 10, '1', 3, 4, 15),
(8831, 10, '1', 3, 4, 16),
(8832, 10, '1', 3, 4, 18),
(8833, 10, '2', 3, 4, 19),
(8834, 10, '1', 3, 4, 20),
(8835, 10, '1', 3, 4, 21),
(8836, 10, '1', 3, 4, 22),
(8837, 11, '2', 3, 4, 1),
(8838, 11, '2', 3, 4, 2),
(8839, 11, '1', 3, 4, 3),
(8840, 11, '1', 3, 4, 4),
(8841, 11, '1', 3, 4, 5),
(8842, 11, '1', 3, 4, 6),
(8843, 11, '2', 3, 4, 7),
(8844, 11, '1', 3, 4, 8),
(8845, 11, '1', 3, 4, 9),
(8846, 11, '1', 3, 4, 10),
(8847, 11, '1', 3, 4, 11),
(8848, 11, '1', 3, 4, 12),
(8849, 11, '1', 3, 4, 13),
(8850, 11, '2', 3, 4, 14),
(8851, 11, '1', 3, 4, 15),
(8852, 11, '1', 3, 4, 16),
(8853, 11, '1', 3, 4, 18),
(8854, 11, '1', 3, 4, 19),
(8855, 11, '1', 3, 4, 20),
(8856, 11, '2', 3, 4, 21),
(8857, 11, '1', 3, 4, 22),
(8858, 12, '2', 3, 4, 1),
(8859, 12, '3', 3, 4, 2),
(8860, 12, '1', 3, 4, 3),
(8861, 12, '1', 3, 4, 4),
(8862, 12, '1', 3, 4, 5),
(8863, 12, '1', 3, 4, 6),
(8864, 12, '1', 3, 4, 7),
(8865, 12, '2', 3, 4, 8),
(8866, 12, '1', 3, 4, 9),
(8867, 12, '1', 3, 4, 10),
(8868, 12, '1', 3, 4, 11),
(8869, 12, '2', 3, 4, 12),
(8870, 12, '1', 3, 4, 13),
(8871, 12, '1', 3, 4, 14),
(8872, 12, '1', 3, 4, 15),
(8873, 12, '1', 3, 4, 16),
(8874, 12, '1', 3, 4, 18),
(8875, 12, '1', 3, 4, 19),
(8876, 12, '1', 3, 4, 20),
(8877, 12, '2', 3, 4, 21),
(8878, 12, '1', 3, 4, 22),
(8879, 13, '1', 3, 4, 1),
(8880, 13, '1', 3, 4, 2),
(8881, 13, '1', 3, 4, 3),
(8882, 13, '1', 3, 4, 4),
(8883, 13, '1', 3, 4, 5),
(8884, 13, '2', 3, 4, 6),
(8885, 13, '1', 3, 4, 7),
(8886, 13, '1', 3, 4, 8),
(8887, 13, '1', 3, 4, 9),
(8888, 13, '1', 3, 4, 10),
(8889, 13, '2', 3, 4, 11),
(8890, 13, '1', 3, 4, 12),
(8891, 13, '1', 3, 4, 13),
(8892, 13, '1', 3, 4, 14),
(8893, 13, '1', 3, 4, 15),
(8894, 13, '1', 3, 4, 16),
(8895, 13, '1', 3, 4, 18),
(8896, 13, '2', 3, 4, 19),
(8897, 13, '1', 3, 4, 20),
(8898, 13, '1', 3, 4, 21),
(8899, 13, '1', 3, 4, 22),
(8900, 14, '1', 3, 4, 1),
(8901, 14, '1', 3, 4, 2),
(8902, 14, '2', 3, 4, 3),
(8903, 14, '1', 3, 4, 4),
(8904, 14, '1', 3, 4, 5),
(8905, 14, '1', 3, 4, 6),
(8906, 14, '1', 3, 4, 7),
(8907, 14, '1', 3, 4, 8),
(8908, 14, '1', 3, 4, 9),
(8909, 14, '2', 3, 4, 10),
(8910, 14, '1', 3, 4, 11),
(8911, 14, '1', 3, 4, 12),
(8912, 14, '1', 3, 4, 13),
(8913, 14, '1', 3, 4, 14),
(8914, 14, '2', 3, 4, 15),
(8915, 14, '1', 3, 4, 16),
(8916, 14, '1', 3, 4, 18),
(8917, 14, '1', 3, 4, 19),
(8918, 14, '1', 3, 4, 20),
(8919, 14, '2', 3, 4, 21),
(8920, 14, '1', 3, 4, 22),
(8921, 15, '1', 3, 4, 1),
(8922, 15, '1', 3, 4, 2),
(8923, 15, '1', 3, 4, 3),
(8924, 15, '1', 3, 4, 4),
(8925, 15, '1', 3, 4, 5),
(8926, 15, '1', 3, 4, 6),
(8927, 15, '2', 3, 4, 7),
(8928, 15, '1', 3, 4, 8),
(8929, 15, '1', 3, 4, 9),
(8930, 15, '1', 3, 4, 10),
(8931, 15, '1', 3, 4, 11),
(8932, 15, '2', 3, 4, 12),
(8933, 15, '1', 3, 4, 13),
(8934, 15, '1', 3, 4, 14),
(8935, 15, '1', 3, 4, 15),
(8936, 15, '2', 3, 4, 16),
(8937, 15, '1', 3, 4, 18),
(8938, 15, '1', 3, 4, 19),
(8939, 15, '2', 3, 4, 20),
(8940, 15, '1', 3, 4, 21),
(8941, 15, '1', 3, 4, 22),
(8942, 16, '1', 3, 4, 1),
(8943, 16, '2', 3, 4, 2),
(8944, 16, '1', 3, 4, 3),
(8945, 16, '2', 3, 4, 4),
(8946, 16, '1', 3, 4, 5),
(8947, 16, '1', 3, 4, 6),
(8948, 16, '2', 3, 4, 7),
(8949, 16, '1', 3, 4, 8),
(8950, 16, '1', 3, 4, 9),
(8951, 16, '1', 3, 4, 10),
(8952, 16, '1', 3, 4, 11),
(8953, 16, '2', 3, 4, 12),
(8954, 16, '1', 3, 4, 13),
(8955, 16, '1', 3, 4, 14),
(8956, 16, '1', 3, 4, 15),
(8957, 16, '1', 3, 4, 16),
(8958, 16, '1', 3, 4, 18),
(8959, 16, '1', 3, 4, 19),
(8960, 16, '2', 3, 4, 20),
(8961, 16, '1', 3, 4, 21),
(8962, 16, '1', 3, 4, 22),
(8963, 17, '1', 3, 4, 1),
(8964, 17, '1', 3, 4, 2),
(8965, 17, '1', 3, 4, 3),
(8966, 17, '2', 3, 4, 4),
(8967, 17, '1', 3, 4, 5),
(8968, 17, '1', 3, 4, 6),
(8969, 17, '1', 3, 4, 7),
(8970, 17, '2', 3, 4, 8),
(8971, 17, '1', 3, 4, 9),
(8972, 17, '1', 3, 4, 10),
(8973, 17, '1', 3, 4, 11),
(8974, 17, '1', 3, 4, 12),
(8975, 17, '1', 3, 4, 13),
(8976, 17, '2', 3, 4, 14),
(8977, 17, '1', 3, 4, 15),
(8978, 17, '1', 3, 4, 16),
(8979, 17, '1', 3, 4, 18),
(8980, 17, '1', 3, 4, 19),
(8981, 17, '1', 3, 4, 20),
(8982, 17, '1', 3, 4, 21),
(8983, 17, '1', 3, 4, 22),
(8984, 1, '1', 1, 9, 1),
(8985, 1, '1', 1, 9, 2),
(8986, 1, '1', 1, 9, 3),
(8987, 1, '1', 1, 9, 4),
(8988, 1, '2', 1, 9, 5),
(8989, 1, '1', 1, 9, 7),
(8990, 1, '2', 1, 9, 8),
(8991, 1, '1', 1, 9, 9),
(8992, 1, '1', 1, 9, 10),
(8993, 1, '1', 1, 9, 11),
(8994, 1, '1', 1, 9, 12),
(8995, 1, '2', 1, 9, 13),
(8996, 1, '1', 1, 9, 14),
(8997, 1, '1', 1, 9, 15),
(8998, 1, '1', 1, 9, 16),
(8999, 1, '2', 1, 9, 17),
(9000, 1, '1', 1, 9, 18),
(9001, 1, '1', 1, 9, 19),
(9002, 1, '1', 1, 9, 20),
(9003, 1, '1', 1, 9, 21),
(9004, 1, '1', 1, 9, 22),
(9005, 2, '2', 1, 9, 1),
(9006, 2, '1', 1, 9, 2),
(9007, 2, '1', 1, 9, 3),
(9008, 2, '1', 1, 9, 4),
(9009, 2, '1', 1, 9, 5),
(9010, 2, '2', 1, 9, 7),
(9011, 2, '1', 1, 9, 8),
(9012, 2, '1', 1, 9, 9),
(9013, 2, '1', 1, 9, 10),
(9014, 2, '1', 1, 9, 11),
(9015, 2, '1', 1, 9, 12),
(9016, 2, '2', 1, 9, 13),
(9017, 2, '1', 1, 9, 14),
(9018, 2, '1', 1, 9, 15),
(9019, 2, '1', 1, 9, 16),
(9020, 2, '1', 1, 9, 17),
(9021, 2, '2', 1, 9, 18),
(9022, 2, '1', 1, 9, 19),
(9023, 2, '1', 1, 9, 20),
(9024, 2, '1', 1, 9, 21),
(9025, 2, '1', 1, 9, 22),
(9026, 3, '1', 1, 9, 1),
(9027, 3, '1', 1, 9, 2),
(9028, 3, '2', 1, 9, 3),
(9029, 3, '1', 1, 9, 4),
(9030, 3, '1', 1, 9, 5),
(9031, 3, '2', 1, 9, 7),
(9032, 3, '1', 1, 9, 8),
(9033, 3, '3', 1, 9, 9),
(9034, 3, '2', 1, 9, 10),
(9035, 3, '2', 1, 9, 11),
(9036, 3, '4', 1, 9, 12),
(9037, 3, '4', 1, 9, 13),
(9038, 3, '2', 1, 9, 14),
(9039, 3, '1', 1, 9, 15),
(9040, 3, '2', 1, 9, 16),
(9041, 3, '4', 1, 9, 17),
(9042, 3, '2', 1, 9, 18),
(9043, 3, '2', 1, 9, 19),
(9044, 3, '3', 1, 9, 20),
(9045, 3, '3', 1, 9, 21),
(9046, 3, '2', 1, 9, 22),
(9047, 4, '1', 1, 9, 1),
(9048, 4, '2', 1, 9, 2),
(9049, 4, '3', 1, 9, 3),
(9050, 4, '2', 1, 9, 4),
(9051, 4, '3', 1, 9, 5),
(9052, 4, '4', 1, 9, 7),
(9053, 4, '3', 1, 9, 8),
(9054, 4, '3', 1, 9, 9),
(9055, 4, '1', 1, 9, 10),
(9056, 4, '3', 1, 9, 11),
(9057, 4, '3', 1, 9, 12),
(9058, 4, '2', 1, 9, 13),
(9059, 4, '4', 1, 9, 14),
(9060, 4, '2', 1, 9, 15),
(9061, 4, '3', 1, 9, 16),
(9062, 4, '4', 1, 9, 17),
(9063, 4, '3', 1, 9, 18),
(9064, 4, '5', 1, 9, 19),
(9065, 4, '2', 1, 9, 20),
(9066, 4, '4', 1, 9, 21),
(9067, 4, '3', 1, 9, 22),
(9068, 5, '1', 1, 9, 1),
(9069, 5, '2', 1, 9, 2),
(9070, 5, '2', 1, 9, 3),
(9071, 5, '2', 1, 9, 4),
(9072, 5, '1', 1, 9, 5),
(9073, 5, '0', 1, 9, 7),
(9074, 5, '1', 1, 9, 8),
(9075, 5, '1', 1, 9, 9),
(9076, 5, '5', 1, 9, 10),
(9077, 5, '1', 1, 9, 11),
(9078, 5, '0', 1, 9, 12),
(9079, 5, '1', 1, 9, 13),
(9080, 5, '2', 1, 9, 14),
(9081, 5, '3', 1, 9, 15),
(9082, 5, '2', 1, 9, 16),
(9083, 5, '1', 1, 9, 17),
(9084, 5, '3', 1, 9, 18),
(9085, 5, '2', 1, 9, 19),
(9086, 5, '1', 1, 9, 20),
(9087, 5, '3', 1, 9, 21),
(9088, 5, '4', 1, 9, 22),
(9089, 6, '1', 1, 9, 1),
(9090, 6, '2', 1, 9, 2),
(9091, 6, '3', 1, 9, 3),
(9092, 6, '3', 1, 9, 4),
(9093, 6, '2', 1, 9, 5),
(9094, 6, '1', 1, 9, 7),
(9095, 6, '2', 1, 9, 8),
(9096, 6, '4', 1, 9, 9),
(9097, 6, '2', 1, 9, 10),
(9098, 6, '2', 1, 9, 11),
(9099, 6, '3', 1, 9, 12),
(9100, 6, '3', 1, 9, 13),
(9101, 6, '1', 1, 9, 14),
(9102, 6, '3', 1, 9, 15),
(9103, 6, '3', 1, 9, 16),
(9104, 6, '2', 1, 9, 17),
(9105, 6, '3', 1, 9, 18),
(9106, 6, '2', 1, 9, 19),
(9107, 6, '3', 1, 9, 20),
(9108, 6, '2', 1, 9, 21),
(9109, 6, '3', 1, 9, 22),
(9110, 7, '1', 1, 9, 1),
(9111, 7, '1', 1, 9, 2),
(9112, 7, '1', 1, 9, 3),
(9113, 7, '1', 1, 9, 4),
(9114, 7, '2', 1, 9, 5),
(9115, 7, '1', 1, 9, 7),
(9116, 7, '1', 1, 9, 8),
(9117, 7, '1', 1, 9, 9),
(9118, 7, '1', 1, 9, 10),
(9119, 7, '1', 1, 9, 11),
(9120, 7, '2', 1, 9, 12),
(9121, 7, '1', 1, 9, 13),
(9122, 7, '1', 1, 9, 14),
(9123, 7, '4', 1, 9, 15),
(9124, 7, '3', 1, 9, 16),
(9125, 7, '1', 1, 9, 17),
(9126, 7, '2', 1, 9, 18),
(9127, 7, '3', 1, 9, 19),
(9128, 7, '4', 1, 9, 20),
(9129, 7, '2', 1, 9, 21),
(9130, 7, '2', 1, 9, 22),
(9131, 8, '1', 1, 9, 1),
(9132, 8, '4', 1, 9, 2),
(9133, 8, '4', 1, 9, 3),
(9134, 8, '5', 1, 9, 4),
(9135, 8, '3', 1, 9, 5),
(9136, 8, '5', 1, 9, 7),
(9137, 8, '5', 1, 9, 8),
(9138, 8, '4', 1, 9, 9),
(9139, 8, '5', 1, 9, 10),
(9140, 8, '5', 1, 9, 11),
(9141, 8, '2', 1, 9, 12),
(9142, 8, '5', 1, 9, 13),
(9143, 8, '2', 1, 9, 14),
(9144, 8, '4', 1, 9, 15),
(9145, 8, '3', 1, 9, 16),
(9146, 8, '3', 1, 9, 17),
(9147, 8, '5', 1, 9, 18),
(9148, 8, '2', 1, 9, 19),
(9149, 8, '5', 1, 9, 20),
(9150, 8, '4', 1, 9, 21),
(9151, 8, '4', 1, 9, 22),
(9152, 9, '5', 1, 9, 1),
(9153, 9, '5', 1, 9, 2),
(9154, 9, '5', 1, 9, 3),
(9155, 9, '4', 1, 9, 4),
(9156, 9, '5', 1, 9, 5),
(9157, 9, '5', 1, 9, 7),
(9158, 9, '2', 1, 9, 8),
(9159, 9, '2', 1, 9, 9),
(9160, 9, '3', 1, 9, 10),
(9161, 9, '4', 1, 9, 11),
(9162, 9, '5', 1, 9, 12),
(9163, 9, '5', 1, 9, 13),
(9164, 9, '3', 1, 9, 14),
(9165, 9, '5', 1, 9, 15),
(9166, 9, '4', 1, 9, 16),
(9167, 9, '2', 1, 9, 17),
(9168, 9, '3', 1, 9, 18),
(9169, 9, '5', 1, 9, 19),
(9170, 9, '4', 1, 9, 20),
(9171, 9, '5', 1, 9, 21),
(9172, 9, '2', 1, 9, 22),
(9173, 10, '3', 1, 9, 1),
(9174, 10, '2', 1, 9, 2),
(9175, 10, '2', 1, 9, 3),
(9176, 10, '2', 1, 9, 4),
(9177, 10, '4', 1, 9, 5),
(9178, 10, '3', 1, 9, 7),
(9179, 10, '4', 1, 9, 8),
(9180, 10, '4', 1, 9, 9),
(9181, 10, '5', 1, 9, 10),
(9182, 10, '4', 1, 9, 11),
(9183, 10, '2', 1, 9, 12),
(9184, 10, '4', 1, 9, 13),
(9185, 10, '4', 1, 9, 14),
(9186, 10, '5', 1, 9, 15),
(9187, 10, '4', 1, 9, 16),
(9188, 10, '5', 1, 9, 17),
(9189, 10, '5', 1, 9, 18),
(9190, 10, '4', 1, 9, 19),
(9191, 10, '5', 1, 9, 20),
(9192, 10, '5', 1, 9, 21),
(9193, 10, '5', 1, 9, 22),
(9194, 11, '2', 1, 9, 1),
(9195, 11, '2', 1, 9, 2),
(9196, 11, '1', 1, 9, 3),
(9197, 11, '1', 1, 9, 4),
(9198, 11, '1', 1, 9, 5),
(9199, 11, '2', 1, 9, 7),
(9200, 11, '1', 1, 9, 8),
(9201, 11, '1', 1, 9, 9),
(9202, 11, '2', 1, 9, 10),
(9203, 11, '1', 1, 9, 11),
(9204, 11, '1', 1, 9, 12),
(9205, 11, '1', 1, 9, 13),
(9206, 11, '0', 1, 9, 14),
(9207, 11, '4', 1, 9, 15),
(9208, 11, '5', 1, 9, 16),
(9209, 11, '5', 1, 9, 17),
(9210, 11, '5', 1, 9, 18),
(9211, 11, '4', 1, 9, 19),
(9212, 11, '3', 1, 9, 20),
(9213, 11, '1', 1, 9, 21),
(9214, 11, '1', 1, 9, 22),
(9215, 12, '3', 1, 9, 1),
(9216, 12, '2', 1, 9, 2),
(9217, 12, '1', 1, 9, 3),
(9218, 12, '1', 1, 9, 4),
(9219, 12, '1', 1, 9, 5),
(9220, 12, '1', 1, 9, 7),
(9221, 12, '2', 1, 9, 8),
(9222, 12, '1', 1, 9, 9),
(9223, 12, '1', 1, 9, 10),
(9224, 12, '1', 1, 9, 11),
(9225, 12, '1', 1, 9, 12),
(9226, 12, '2', 1, 9, 13),
(9227, 12, '1', 1, 9, 14),
(9228, 12, '1', 1, 9, 15),
(9229, 12, '1', 1, 9, 16),
(9230, 12, '1', 1, 9, 17),
(9231, 12, '2', 1, 9, 18),
(9232, 12, '1', 1, 9, 19),
(9233, 12, '1', 1, 9, 20),
(9234, 12, '1', 1, 9, 21),
(9235, 12, '1', 1, 9, 22),
(9236, 13, '1', 1, 9, 1),
(9237, 13, '1', 1, 9, 2),
(9238, 13, '2', 1, 9, 3),
(9239, 13, '1', 1, 9, 4),
(9240, 13, '1', 1, 9, 5),
(9241, 13, '1', 1, 9, 7),
(9242, 13, '1', 1, 9, 8),
(9243, 13, '2', 1, 9, 9),
(9244, 13, '1', 1, 9, 10),
(9245, 13, '1', 1, 9, 11),
(9246, 13, '1', 1, 9, 12),
(9247, 13, '1', 1, 9, 13),
(9248, 13, '1', 1, 9, 14),
(9249, 13, '1', 1, 9, 15),
(9250, 13, '2', 1, 9, 16),
(9251, 13, '1', 1, 9, 17),
(9252, 13, '2', 1, 9, 18),
(9253, 13, '1', 1, 9, 19),
(9254, 13, '1', 1, 9, 20),
(9255, 13, '0', 1, 9, 21),
(9256, 13, '4', 1, 9, 22),
(9257, 14, '5', 1, 9, 1),
(9258, 14, '5', 1, 9, 2),
(9259, 14, '5', 1, 9, 3),
(9260, 14, '5', 1, 9, 4),
(9261, 14, '5', 1, 9, 5),
(9262, 14, '4', 1, 9, 7),
(9263, 14, '5', 1, 9, 8),
(9264, 14, '5', 1, 9, 9),
(9265, 14, '5', 1, 9, 10),
(9266, 14, '1', 1, 9, 11),
(9267, 14, '1', 1, 9, 12),
(9268, 14, '1', 1, 9, 13),
(9269, 14, '1', 1, 9, 14),
(9270, 14, '2', 1, 9, 15),
(9271, 14, '1', 1, 9, 16),
(9272, 14, '1', 1, 9, 17),
(9273, 14, '1', 1, 9, 18),
(9274, 14, '1', 1, 9, 19),
(9275, 14, '2', 1, 9, 20),
(9276, 14, '1', 1, 9, 21),
(9277, 14, '1', 1, 9, 22),
(9278, 15, '1', 1, 9, 1),
(9279, 15, '1', 1, 9, 2),
(9280, 15, '1', 1, 9, 3),
(9281, 15, '1', 1, 9, 4),
(9282, 15, '1', 1, 9, 5),
(9283, 15, '2', 1, 9, 7),
(9284, 15, '1', 1, 9, 8),
(9285, 15, '1', 1, 9, 9),
(9286, 15, '5', 1, 9, 10),
(9287, 15, '5', 1, 9, 11),
(9288, 15, '5', 1, 9, 12),
(9289, 15, '5', 1, 9, 13),
(9290, 15, '5', 1, 9, 14),
(9291, 15, '5', 1, 9, 15),
(9292, 15, '0', 1, 9, 16),
(9293, 15, '1', 1, 9, 17),
(9294, 15, '1', 1, 9, 18),
(9295, 15, '1', 1, 9, 19),
(9296, 15, '4', 1, 9, 20),
(9297, 15, '5', 1, 9, 21),
(9298, 15, '1', 1, 9, 22),
(9299, 16, '1', 1, 9, 1),
(9300, 16, '5', 1, 9, 2),
(9301, 16, '4', 1, 9, 3),
(9302, 16, '1', 1, 9, 4),
(9303, 16, '0', 1, 9, 5),
(9304, 16, '1', 1, 9, 7),
(9305, 16, '0', 1, 9, 8),
(9306, 16, '0', 1, 9, 9),
(9307, 16, '0', 1, 9, 10),
(9308, 16, '1', 1, 9, 11),
(9309, 16, '5', 1, 9, 12),
(9310, 16, '1', 1, 9, 13),
(9311, 16, '4', 1, 9, 14),
(9312, 16, '4', 1, 9, 15),
(9313, 16, '5', 1, 9, 16),
(9314, 16, '0', 1, 9, 17),
(9315, 16, '5', 1, 9, 18),
(9316, 16, '1', 1, 9, 19),
(9317, 16, '5', 1, 9, 20),
(9318, 16, '0', 1, 9, 21),
(9319, 16, '1', 1, 9, 22),
(9320, 17, '5', 1, 9, 1),
(9321, 17, '1', 1, 9, 2),
(9322, 17, '5', 1, 9, 3),
(9323, 17, '5', 1, 9, 4),
(9324, 17, '0', 1, 9, 5),
(9325, 17, '0', 1, 9, 7),
(9326, 17, '0', 1, 9, 8),
(9327, 17, '0', 1, 9, 9),
(9328, 17, '1', 1, 9, 10),
(9329, 17, '5', 1, 9, 11),
(9330, 17, '5', 1, 9, 12),
(9331, 17, '5', 1, 9, 13),
(9332, 17, '3', 1, 9, 14),
(9333, 17, '5', 1, 9, 15),
(9334, 17, '1', 1, 9, 16),
(9335, 17, '0', 1, 9, 17),
(9336, 17, '0', 1, 9, 18),
(9337, 17, '5', 1, 9, 19),
(9338, 17, '5', 1, 9, 20),
(9339, 17, '4', 1, 9, 21),
(9340, 17, '5', 1, 9, 22),
(9341, 1, '1', 3, 9, 1),
(9342, 1, '2', 3, 9, 2),
(9343, 1, '1', 3, 9, 3),
(9344, 1, '1', 3, 9, 4),
(9345, 1, '1', 3, 9, 5),
(9346, 1, '1', 3, 9, 7),
(9347, 1, '1', 3, 9, 8),
(9348, 1, '1', 3, 9, 9),
(9349, 1, '1', 3, 9, 10),
(9350, 1, '1', 3, 9, 11),
(9351, 1, '3', 3, 9, 12),
(9352, 1, '1', 3, 9, 13),
(9353, 1, '1', 3, 9, 14),
(9354, 1, '1', 3, 9, 15),
(9355, 1, '1', 3, 9, 16),
(9356, 1, '1', 3, 9, 17),
(9357, 1, '3', 3, 9, 18),
(9358, 1, '1', 3, 9, 19),
(9359, 1, '1', 3, 9, 20),
(9360, 1, '1', 3, 9, 21),
(9361, 1, '1', 3, 9, 22),
(9362, 2, '2', 3, 9, 1),
(9363, 2, '1', 3, 9, 2),
(9364, 2, '1', 3, 9, 3),
(9365, 2, '1', 3, 9, 4),
(9366, 2, '1', 3, 9, 5),
(9367, 2, '1', 3, 9, 7),
(9368, 2, '1', 3, 9, 8),
(9369, 2, '1', 3, 9, 9),
(9370, 2, '1', 3, 9, 10),
(9371, 2, '1', 3, 9, 11),
(9372, 2, '1', 3, 9, 12),
(9373, 2, '1', 3, 9, 13),
(9374, 2, '1', 3, 9, 14),
(9375, 2, '1', 3, 9, 15),
(9376, 2, '1', 3, 9, 16),
(9377, 2, '1', 3, 9, 17),
(9378, 2, '1', 3, 9, 18),
(9379, 2, '1', 3, 9, 19),
(9380, 2, '1', 3, 9, 20),
(9381, 2, '1', 3, 9, 21),
(9382, 2, '1', 3, 9, 22),
(9383, 3, '1', 3, 9, 1),
(9384, 3, '1', 3, 9, 2),
(9385, 3, '2', 3, 9, 3),
(9386, 3, '4', 3, 9, 4),
(9387, 3, '5', 3, 9, 5),
(9388, 3, '5', 3, 9, 7),
(9389, 3, '5', 3, 9, 8),
(9390, 3, '5', 3, 9, 9),
(9391, 3, '5', 3, 9, 10),
(9392, 3, '5', 3, 9, 11),
(9393, 3, '5', 3, 9, 12),
(9394, 3, '2', 3, 9, 13),
(9395, 3, '5', 3, 9, 14),
(9396, 3, '0', 3, 9, 15),
(9397, 3, '0', 3, 9, 16),
(9398, 3, '1', 3, 9, 17),
(9399, 3, '1', 3, 9, 18),
(9400, 3, '0', 3, 9, 19),
(9401, 3, '2', 3, 9, 20),
(9402, 3, '2', 3, 9, 21),
(9403, 3, '0', 3, 9, 22),
(9404, 4, '4', 3, 9, 1),
(9405, 4, '3', 3, 9, 2),
(9406, 4, '3', 3, 9, 3),
(9407, 4, '1', 3, 9, 4),
(9408, 4, '2', 3, 9, 5),
(9409, 4, '4', 3, 9, 7),
(9410, 4, '0', 3, 9, 8),
(9411, 4, '2', 3, 9, 9),
(9412, 4, '1', 3, 9, 10),
(9413, 4, '4', 3, 9, 11),
(9414, 4, '0', 3, 9, 12),
(9415, 4, '0', 3, 9, 13),
(9416, 4, '1', 3, 9, 14),
(9417, 4, '0', 3, 9, 15),
(9418, 4, '0', 3, 9, 16),
(9419, 4, '1', 3, 9, 17),
(9420, 4, '2', 3, 9, 18),
(9421, 4, '1', 3, 9, 19),
(9422, 4, '1', 3, 9, 20),
(9423, 4, '0', 3, 9, 21),
(9424, 4, '0', 3, 9, 22),
(9425, 5, '4', 3, 9, 1),
(9426, 5, '3', 3, 9, 2),
(9427, 5, '1', 3, 9, 3),
(9428, 5, '1', 3, 9, 4),
(9429, 5, '0', 3, 9, 5),
(9430, 5, '0', 3, 9, 7),
(9431, 5, '0', 3, 9, 8),
(9432, 5, '0', 3, 9, 9),
(9433, 5, '1', 3, 9, 10),
(9434, 5, '0', 3, 9, 11),
(9435, 5, '2', 3, 9, 12),
(9436, 5, '5', 3, 9, 13),
(9437, 5, '1', 3, 9, 14),
(9438, 5, '1', 3, 9, 15),
(9439, 5, '1', 3, 9, 16),
(9440, 5, '1', 3, 9, 17),
(9441, 5, '2', 3, 9, 18),
(9442, 5, '1', 3, 9, 19),
(9443, 5, '1', 3, 9, 20),
(9444, 5, '1', 3, 9, 21),
(9445, 5, '1', 3, 9, 22),
(9446, 6, '1', 3, 9, 1),
(9447, 6, '1', 3, 9, 2),
(9448, 6, '1', 3, 9, 3),
(9449, 6, '2', 3, 9, 4),
(9450, 6, '1', 3, 9, 5),
(9451, 6, '1', 3, 9, 7),
(9452, 6, '1', 3, 9, 8),
(9453, 6, '1', 3, 9, 9),
(9454, 6, '1', 3, 9, 10),
(9455, 6, '1', 3, 9, 11),
(9456, 6, '2', 3, 9, 12),
(9457, 6, '1', 3, 9, 13),
(9458, 6, '1', 3, 9, 14),
(9459, 6, '1', 3, 9, 15),
(9460, 6, '1', 3, 9, 16),
(9461, 6, '1', 3, 9, 17),
(9462, 6, '1', 3, 9, 18),
(9463, 6, '1', 3, 9, 19),
(9464, 6, '2', 3, 9, 20),
(9465, 6, '1', 3, 9, 21),
(9466, 6, '1', 3, 9, 22);

-- --------------------------------------------------------

--
-- Table structure for table `tbl_department`
--

CREATE TABLE IF NOT EXISTS `tbl_department` (
  `id` int(11) NOT NULL AUTO_INCREMENT,
  `name` varchar(128) COLLATE utf8_unicode_ci NOT NULL,
  PRIMARY KEY (`id`)
) ENGINE=InnoDB  DEFAULT CHARSET=utf8 COLLATE=utf8_unicode_ci AUTO_INCREMENT=23 ;

--
-- Dumping data for table `tbl_department`
--

INSERT INTO `tbl_department` (`id`, `name`) VALUES
(1, 'Production'),
(2, 'Packing Plant'),
(3, 'Instrumentation'),
(4, 'Electrical'),
(5, 'Mechanical'),
(6, 'Jetty'),
(7, 'Civil'),
(8, 'DG'),
(9, 'WCM/TS'),
(10, 'QC & Environment'),
(11, 'Mines Operation'),
(12, 'Mines Maintenance'),
(13, 'Accounts'),
(14, 'Materials'),
(15, 'IT'),
(16, 'Safety'),
(17, 'HR'),
(18, 'ER'),
(19, 'Admin'),
(20, 'Projects'),
(21, 'Colony Maintenance'),
(22, 'Logistics');

-- --------------------------------------------------------

--
-- Table structure for table `tbl_question`
--

CREATE TABLE IF NOT EXISTS `tbl_question` (
  `id` int(11) NOT NULL AUTO_INCREMENT,
  `content` text COLLATE utf8_unicode_ci NOT NULL,
  `question_group_id` int(11) NOT NULL,
  PRIMARY KEY (`id`),
  KEY `FK_question_question_group` (`question_group_id`)
) ENGINE=InnoDB  DEFAULT CHARSET=utf8 COLLATE=utf8_unicode_ci AUTO_INCREMENT=18 ;

--
-- Dumping data for table `tbl_question`
--

INSERT INTO `tbl_question` (`id`, `content`, `question_group_id`) VALUES
(1, 'Employees of this department do not hesitate in communicating correct information', 2),
(2, 'Calls are attended very promptly', 2),
(3, 'There is adequate accessibility to the concerned person', 2),
(4, 'This department continuously focuses on curtailing cost through innovative ideas ', 3),
(5, 'Employees in this department revert on time as promised ', 4),
(6, 'Resolving your problem/query at the first instance ', 4),
(7, 'Clarity of job in the dept. is present', 5),
(8, 'This dept. has the ability to provide consistent quality services', 5),
(9, 'The procedure of this dept. helps employees for taking fast action.', 5),
(10, 'Meeting with this dept. are always result-oriented', 5),
(11, 'Continously carry out innovative ideas', 6),
(12, 'Helpfulness of the personnel ', 7),
(13, 'This dept. meets the expectation of the internal customer ', 7),
(14, 'In this department prompt action is taken on recieving feedback from customers', 7),
(15, 'Employees of this dept. are empathetic listeners ', 7),
(16, 'Employees of this dept. take the problem in the right spirit & try to resolve it to the satisfaction of their customers ', 7),
(17, 'Employees of this dept. have the willingness to help proactively', 7);

-- --------------------------------------------------------

--
-- Table structure for table `tbl_question_group`
--

CREATE TABLE IF NOT EXISTS `tbl_question_group` (
  `id` int(11) NOT NULL AUTO_INCREMENT,
  `content` text COLLATE utf8_unicode_ci,
  PRIMARY KEY (`id`)
) ENGINE=InnoDB  DEFAULT CHARSET=utf8 COLLATE=utf8_unicode_ci AUTO_INCREMENT=8 ;

--
-- Dumping data for table `tbl_question_group`
--

INSERT INTO `tbl_question_group` (`id`, `content`) VALUES
(2, 'Communication/Problem Solving'),
(3, 'Cost Consciousness'),
(4, 'Response Time'),
(5, 'Quality of Service'),
(6, 'Innovative Approach'),
(7, 'Customer Care');

-- --------------------------------------------------------

--
-- Table structure for table `tbl_state`
--

CREATE TABLE IF NOT EXISTS `tbl_state` (
  `id` int(11) NOT NULL AUTO_INCREMENT,
  `question_group_id` int(11) NOT NULL,
  `survey_id` int(11) NOT NULL,
  `user_id` int(11) NOT NULL,
  PRIMARY KEY (`id`),
  KEY `FK_state_survey` (`survey_id`),
  KEY `FK_state_user` (`user_id`)
) ENGINE=InnoDB  DEFAULT CHARSET=utf8 COLLATE=utf8_unicode_ci AUTO_INCREMENT=8 ;

--
-- Dumping data for table `tbl_state`
--

INSERT INTO `tbl_state` (`id`, `question_group_id`, `survey_id`, `user_id`) VALUES
(1, -1, 1, 4),
(2, 2, 2, 4),
(3, -1, 3, 4),
(4, -1, 1, 9),
(5, 2, 2, 9),
(6, 5, 3, 9),
(7, 2, 4, 9);

-- --------------------------------------------------------

--
-- Table structure for table `tbl_survey`
--

CREATE TABLE IF NOT EXISTS `tbl_survey` (
  `id` int(11) NOT NULL AUTO_INCREMENT,
  `date` date NOT NULL,
  `active` tinyint(1) NOT NULL,
  PRIMARY KEY (`id`)
) ENGINE=InnoDB  DEFAULT CHARSET=utf8 COLLATE=utf8_unicode_ci AUTO_INCREMENT=5 ;

--
-- Dumping data for table `tbl_survey`
--

INSERT INTO `tbl_survey` (`id`, `date`, `active`) VALUES
(1, '2010-08-25', 0),
(2, '2010-08-27', 0),
(3, '2010-08-10', 1),
(4, '2011-09-15', 1);

-- --------------------------------------------------------

--
-- Table structure for table `tbl_user`
--

CREATE TABLE IF NOT EXISTS `tbl_user` (
  `id` int(11) NOT NULL AUTO_INCREMENT,
  `username` varchar(128) COLLATE utf8_unicode_ci NOT NULL,
  `password` varchar(128) COLLATE utf8_unicode_ci NOT NULL,
  `salt` varchar(128) COLLATE utf8_unicode_ci NOT NULL,
  `email` varchar(128) COLLATE utf8_unicode_ci NOT NULL,
  `profile` text COLLATE utf8_unicode_ci,
  `department_id` int(11) NOT NULL,
  PRIMARY KEY (`id`),
  KEY `FK_user_department` (`department_id`)
) ENGINE=InnoDB  DEFAULT CHARSET=utf8 COLLATE=utf8_unicode_ci AUTO_INCREMENT=12 ;

--
-- Dumping data for table `tbl_user`
--

INSERT INTO `tbl_user` (`id`, `username`, `password`, `salt`, `email`, `profile`, `department_id`) VALUES
(3, 'demo', 'c52fceac3b1319f813a834a7a385f493', '28b206548469ce62182048fd9cf91760', 'webmaster@example.com', 'A sample profile', 9),
(4, 'admin', '9401b8c7297832c567ae922cc596a4dd', '28b206548469ce62182048fd9cf91760', 'admin@example.com', 'yoyo(8)', 17),
(5, 'mayanks43', '3dc60b17f3c16ca2683fc51213357127', '28b206548469ce62182048fd9cf91760', 'mayanks43@gmail.com', 'LOP', 19),
(6, 'nitish', 'e272c93cc7156455d1765df87c594e10', '28b206548469ce62182048fd9cf91760', 'nitish@example.com', '.....', 16),
(8, 'ishita', '9a522f2e389c7568c0b2c30d155ebbd2', '28b206548469ce62182048fd9cf91760', 'ishita@example.com', 'fssfsdfsdf', 9),
(9, 'sushan', '49afa3ec8fdf1354920365161d3fb7e9', '28b206548469ce62182048fd9cf91760', 'sushan@example.com', '.....', 6),
(10, 'husain', '09c5829c31abf29a71af7399429a11d9', '28b206548469ce62182048fd9cf91760', 'husain@gmail.om', 'sdd', 13),
(11, 'ankur', '2fb03a538ea0a6eea339528723ea293a', '28b206548469ce62182048fd9cf91760', 'ankur@gmail.com', 'addsa', 11);

--
-- Constraints for dumped tables
--

--
-- Constraints for table `tbl_answer`
--
ALTER TABLE `tbl_answer`
  ADD CONSTRAINT `FK_answer_department` FOREIGN KEY (`department_id`) REFERENCES `tbl_department` (`id`) ON DELETE CASCADE,
  ADD CONSTRAINT `FK_answer_question` FOREIGN KEY (`question_id`) REFERENCES `tbl_question` (`id`) ON DELETE CASCADE,
  ADD CONSTRAINT `FK_answer_survey` FOREIGN KEY (`survey_id`) REFERENCES `tbl_survey` (`id`) ON DELETE CASCADE,
  ADD CONSTRAINT `FK_answer_user` FOREIGN KEY (`user_id`) REFERENCES `tbl_user` (`id`) ON DELETE CASCADE;

--
-- Constraints for table `tbl_question`
--
ALTER TABLE `tbl_question`
  ADD CONSTRAINT `FK_question_question_group` FOREIGN KEY (`question_group_id`) REFERENCES `tbl_question_group` (`id`) ON DELETE CASCADE;

--
-- Constraints for table `tbl_state`
--
ALTER TABLE `tbl_state`
  ADD CONSTRAINT `FK_state_survey` FOREIGN KEY (`survey_id`) REFERENCES `tbl_survey` (`id`) ON DELETE CASCADE,
  ADD CONSTRAINT `FK_state_user` FOREIGN KEY (`user_id`) REFERENCES `tbl_user` (`id`) ON DELETE CASCADE;

--
-- Constraints for table `tbl_user`
--
ALTER TABLE `tbl_user`
  ADD CONSTRAINT `FK_user_department` FOREIGN KEY (`department_id`) REFERENCES `tbl_department` (`id`) ON DELETE CASCADE;
